代码,名称,共振,组合,现价,昨收,涨跌幅,最高,最低,成交额万,换手率,PE_TTM,振幅,流通市值亿,总市值亿,PB,量比,时间,R5,R20,R60,MA5,MA20,MA60,多头排列,距MA20,距60日高,距年高,年内位置,RSI14,MACD柱,量能比,波动率20,最新K日
000021,深科技,1,同花顺,34.51,37.23,-7.31,36.7,34.4,446980.0,8.07,45.32,6.18,543.24,543.32,4.17,0.7,20260803161448,-21.48,-35.25,12.05,37.57,44.02,43.08,0.0,-21.61,-46.3,-46.3,35.5,27.9,-2.227,0.87,7.19,2026-08-03
000034,神州数码,1,龙头股,23.88,24.1,-0.91,24.78,23.68,88308.0,4.32,44.82,4.56,202.78,242.8,2.17,0.72,20260803161409,-11.49,-17.31,-16.31,24.49,26.31,26.68,0.0,-9.24,-22.87,-30.93,13.9,41.8,-0.701,0.7,4.9,2026-08-03
000066,中国长城,1,龙头股,13.83,13.74,0.66,13.96,13.6,111447.0,2.5,2211.42,2.62,446.09,446.13,4.08,0.65,20260803161412,-6.99,-26.51,-40.1,13.8,15.89,17.9,0.0,-12.94,-45.47,-45.47,5.6,28.1,-0.357,0.63,4.03,2026-08-03
000533,顺钠股份,1,同花顺,11.45,10.41,9.99,11.45,10.29,126090.0,16.88,79.61,11.14,78.42,79.1,8.02,0.76,20260803161451,8.94,24.19,-14.81,11.29,9.27,10.71,0.0,23.47,-22.48,-44.23,34.5,69.1,0.82,2.78,6.08,2026-08-03
000595,新能股份,1,同花顺,5.96,5.42,9.96,5.96,5.42,32673.0,4.97,71.38,9.96,67.86,67.86,14.02,0.91,20260803161418,1.36,-7.17,-10.38,5.42,5.31,6.35,0.0,12.3,-26.05,-26.05,40.0,63.0,0.222,1.32,6.72,2026-08-03
000603,盛达资源,1,同花顺,25.72,25.4,1.26,26.08,25.0,130740.0,7.67,20.82,4.25,171.48,177.46,4.72,0.89,20260803161421,3.17,6.63,-35.78,24.85,22.62,27.3,0.0,13.68,-34.62,-62.0,20.3,64.5,1.446,1.18,5.48,2026-08-03
000636,风华高科,2,龙头股+同花顺,51.96,49.35,5.29,53.18,47.01,920777.0,15.65,195.63,12.5,601.18,601.18,4.86,0.92,20260803161442,17.45,-11.03,101.62,48.5,50.5,53.62,0.0,2.89,-35.19,-35.19,57.5,41.5,1.04,1.6,7.37,2026-08-03
000657,中钨高新,1,龙头股,47.99,49.51,-3.07,50.24,47.66,236434.0,3.35,56.11,5.21,697.51,1093.5,10.76,0.79,20260803161439,-18.65,-40.36,-20.34,50.48,62.14,71.72,0.0,-22.77,-55.61,-55.61,35.1,20.1,-2.749,0.93,5.33,2026-08-03
000670,盈方微,1,同花顺,6.71,6.93,-3.17,6.78,6.52,37014.0,6.69,-70.07,3.75,55.72,56.76,184.52,0.68,20260803161442,-3.17,-7.19,-16.75,6.8,6.44,7.85,0.0,4.18,-33.17,-34.79,26.2,53.7,0.341,1.48,5.04,2026-08-03
000676,智度股份,1,15Min,7.59,7.49,1.34,7.94,7.45,164992.0,17.18,66.74,6.54,95.56,95.62,2.23,1.24,20260803161454,6.6,45.12,0.26,7.3,6.35,6.1,1.0,19.58,0.0,-40.52,32.8,71.8,0.254,1.4,6.01,2026-08-03
000725,京东方Ａ,2,龙头股+同花顺,5.42,5.51,-1.63,5.53,5.37,686949.0,3.58,33.74,2.9,1916.9,2007.8,1.5,0.68,20260803161415,-9.21,-30.15,31.75,5.52,6.34,6.13,0.0,-14.54,-40.44,-40.44,31.0,28.0,-0.271,0.71,5.18,2026-08-03
000815,美利云,2,龙头股+同花顺,16.7,15.18,10.01,16.7,15.78,152570.0,13.33,149.1,6.06,116.11,116.11,8.25,0.92,20260803161421,0.6,23.7,-27.26,15.3,14.5,16.26,0.0,15.15,-25.68,-27.26,48.4,62.4,0.493,1.32,6.78,2026-08-03
000938,紫光股份,3,龙头股+15Min+同花顺,33.1,34.89,-5.13,35.87,32.69,975074.0,10.03,44.55,9.11,946.68,946.69,6.17,0.81,20260803161403,-20.18,-0.63,-0.02,36.08,37.68,31.72,0.0,-12.16,-26.28,-26.28,44.9,44.0,-2.106,0.83,6.7,2026-08-03
000977,浪潮信息,2,龙头股+同花顺,71.66,71.81,-0.21,75.8,71.09,550765.0,5.14,41.19,6.56,1051.13,1052.31,4.73,0.81,20260803161451,-15.69,2.8,-6.25,73.47,81.42,71.24,0.0,-11.98,-20.79,-20.79,48.9,35.4,-4.551,0.66,5.62,2026-08-03
001258,立新能源,3,龙头股+15Min+同花顺,12.73,12.34,3.16,12.96,11.88,178520.0,15.17,117.89,8.75,118.81,118.81,3.93,0.87,20260803161421,-11.17,81.86,37.32,12.39,9.68,9.11,1.0,31.45,-11.17,-11.17,79.6,76.5,0.673,1.96,6.7,2026-08-03
001270,铖昌科技,1,龙头股,99.9,92.56,7.93,101.82,91.95,130734.0,6.47,155.97,10.66,204.6,205.91,13.55,1.53,20260803161442,-2.06,-37.32,-34.57,94.34,117.96,133.57,0.0,-15.31,-39.93,-39.93,48.2,28.4,-3.501,0.74,6.61,2026-08-03
001309,德明利,1,同花顺,349.0,385.9,-9.56,376.61,348.96,977540.0,16.49,19.29,7.17,575.95,791.69,11.95,0.98,20260803161427,-13.1,-62.67,-41.61,368.19,555.65,663.05,0.0,-37.19,-64.02,-64.02,29.9,12.2,-39.366,1.46,6.28,2026-08-03
001896,豫能控股,1,同花顺,12.21,12.02,1.58,12.48,11.92,89197.0,4.78,49.63,4.66,186.3,186.3,5.23,0.74,20260803161457,-13.71,-26.04,-25.59,12.55,13.92,16.75,0.0,-12.28,-46.21,-46.21,40.3,43.6,-0.267,0.73,6.05,2026-08-03
002038,双鹭药业,1,龙头股,5.66,5.62,0.71,5.7,5.53,11184.0,2.34,-12.13,3.02,48.22,58.15,1.14,0.57,20260803161500,1.62,-12.52,-12.79,5.53,5.91,5.85,0.0,-4.17,-19.6,-36.9,16.2,23.3,-0.092,0.48,5.75,2026-08-03
002083,孚日股份,1,同花顺,11.01,11.1,-0.81,11.51,10.48,102097.0,9.88,21.65,9.28,104.19,104.22,2.26,0.66,20260803161430,-8.25,10.32,2.49,11.21,10.28,10.18,0.0,7.13,-8.71,-22.7,66.9,58.0,0.245,1.53,6.06,2026-08-03
002156,通富微电,2,龙头股+同花顺,51.34,56.73,-9.5,55.6,51.23,852786.0,10.64,53.87,7.7,779.06,779.13,5.02,0.84,20260803161424,-33.04,-22.42,-10.05,59.01,68.84,66.86,0.0,-25.42,-34.77,-34.77,48.3,30.3,-4.996,0.88,7.36,2026-08-03
002173,创新医疗,1,同花顺,19.02,19.54,-2.66,19.27,18.59,83385.0,10.44,-182.2,3.48,80.05,83.93,4.87,0.6,20260803161421,-8.07,-1.86,-23.15,20.17,18.27,19.14,0.0,4.11,-25.09,-48.58,21.0,56.7,0.419,1.34,6.72,2026-08-03
002185,华天科技,2,龙头股+同花顺,14.77,15.47,-4.52,15.48,14.7,420792.0,8.46,60.17,5.04,490.76,490.87,2.75,0.67,20260803161415,-20.55,-25.93,7.67,15.84,19.63,18.68,0.0,-24.77,-42.48,-42.48,31.6,17.9,-1.353,0.72,7.25,2026-08-03
002208,合肥城建,1,同花顺,10.38,10.68,-2.81,10.6,10.31,48827.0,5.83,-15.03,2.72,83.36,83.38,1.41,0.5,20260803161412,-20.52,-43.74,-26.54,11.27,14.6,17.07,0.0,-28.88,-59.89,-59.89,20.1,16.3,-0.84,1.03,6.81,2026-08-03
002218,拓日新能,1,同花顺,4.15,3.98,4.27,4.16,3.98,39458.0,6.94,-29.44,4.52,57.59,58.44,1.49,0.71,20260803161433,-2.12,11.56,-29.78,4.02,3.74,4.29,0.0,10.89,-30.72,-47.86,15.9,69.5,0.166,1.42,4.26,2026-08-03
002261,拓维信息,1,龙头股,26.21,25.93,1.08,26.67,25.9,118689.0,3.94,551.79,2.97,300.39,330.24,12.68,0.8,20260803161403,-3.85,-12.92,-26.93,25.92,28.45,29.91,0.0,-7.86,-25.6,-40.57,8.3,35.2,-0.514,0.61,4.76,2026-08-03
002265,建设工业,1,同花顺,19.13,19.41,-1.44,19.32,18.49,36059.0,1.84,84.9,4.28,197.62,197.62,5.17,0.62,20260803161433,-3.43,3.33,-19.77,18.74,17.51,19.36,0.0,9.25,-22.41,-57.31,10.8,67.3,0.701,1.68,4.46,2026-08-03
002298,中电鑫龙,1,同花顺,8.86,8.9,-0.45,9.18,8.4,86381.0,14.81,-15.52,8.76,58.54,65.57,3.51,0.82,20260803161421,4.85,20.22,-20.11,8.66,7.5,8.6,0.0,18.15,-25.42,-36.76,30.0,75.4,0.559,2.1,4.83,2026-08-03
002300,太阳电缆,1,同花顺,7.35,6.97,5.45,7.35,6.96,45030.0,8.64,67.8,5.6,53.09,53.09,2.87,0.9,20260803161451,-1.47,11.7,-24.92,7.13,6.48,7.64,0.0,13.45,-34.67,-42.89,21.3,70.7,0.365,1.67,4.38,2026-08-03
002326,永太科技,1,同花顺,18.34,18.25,0.49,18.48,17.81,43909.0,2.97,353.58,3.67,148.88,169.67,6.1,0.47,20260803161439,-5.66,-22.97,-22.62,18.48,18.68,21.64,0.0,-1.81,-34.5,-40.9,29.7,49.9,0.374,0.81,4.68,2026-08-03
002342,巨力索具,1,龙头股,7.68,7.31,5.06,7.7,7.29,56165.0,7.75,486.27,5.61,73.32,73.73,3.02,1.12,20260803161406,3.92,-23.96,-65.26,7.31,8.13,11.02,0.0,-5.52,-65.35,-65.35,5.4,36.0,0.209,0.67,5.94,2026-08-03
002352,顺丰控股,1,15Min,35.05,34.99,0.17,35.47,34.83,76075.0,0.45,16.18,1.83,1682.09,1845.49,1.88,0.93,20260803161451,3.82,6.44,-5.98,34.9,33.58,33.86,0.0,4.38,-5.27,-27.1,24.5,73.8,0.454,1.11,1.33,2026-08-03
002354,天娱数科,1,龙头股,7.16,6.51,9.98,7.16,7.0,89928.0,7.74,-496.69,2.46,116.4,118.47,8.61,0.71,20260803161445,13.83,-15.07,12.76,6.4,7.08,7.41,0.0,1.07,-30.75,-30.75,35.5,43.9,-0.047,0.6,6.01,2026-08-03
002371,北方华创,1,龙头股,641.3,687.0,-6.65,689.55,636.45,858396.0,1.81,83.46,7.73,4650.13,4653.84,12.01,0.9,20260803161418,-16.71,-20.2,18.75,683.55,740.97,702.67,0.0,-13.45,-31.38,-31.38,51.8,33.6,-28.243,0.93,5.07,2026-08-03
002384,东山精密,2,龙头股+同花顺,162.81,171.48,-5.06,171.0,161.98,1339268.0,5.83,146.17,5.26,2257.07,2982.04,13.17,0.79,20260803161433,-23.17,-27.47,-22.98,173.32,219.94,226.68,0.0,-25.98,-40.97,-40.97,49.6,23.7,-16.051,0.95,6.89,2026-08-03
002388,新亚制程,1,同花顺,4.7,4.65,1.08,4.74,4.55,26895.0,11.38,-77.19,4.09,23.79,24.0,2.5,0.54,20260803161406,-2.08,-8.56,-15.92,4.8,4.37,5.09,0.0,7.5,-27.02,-30.78,32.4,57.0,0.207,1.88,6.53,2026-08-03
002396,星网锐捷,3,龙头股+15Min+同花顺,24.96,26.06,-4.22,27.69,24.56,173652.0,8.94,46.99,12.01,189.05,189.83,2.76,0.6,20260803161415,-20.26,-3.03,13.05,26.02,28.94,24.03,0.0,-13.75,-27.84,-27.84,43.9,42.2,-1.938,0.69,6.14,2026-08-03
002407,多氟多,2,龙头股+同花顺,30.01,31.44,-4.55,30.82,29.3,376474.0,11.62,68.23,4.83,323.74,357.25,4.18,0.63,20260803161424,-10.6,-34.56,-13.75,31.64,34.16,37.55,0.0,-12.14,-45.68,-45.68,41.3,35.3,-0.385,1.14,5.41,2026-08-03
002409,雅克科技,2,龙头股+同花顺,120.91,133.8,-9.63,131.66,120.42,476434.0,12.07,57.16,8.4,385.13,575.44,7.23,0.77,20260803161427,-28.6,-35.15,36.54,142.06,162.37,146.63,0.0,-25.53,-48.79,-48.79,36.7,27.2,-10.702,1.18,6.96,2026-08-03
002415,海康威视,1,同花顺,37.95,37.65,0.8,39.18,37.51,587316.0,1.7,21.16,4.44,3432.99,3478.07,4.12,0.95,20260803161457,2.6,12.18,9.05,36.62,35.13,33.15,1.0,8.03,0.0,0.0,100.0,72.7,0.432,1.17,2.45,2026-08-03
002428,云南锗业,1,同花顺,68.35,66.95,2.09,71.85,67.69,524386.0,11.6,2342.89,6.21,446.35,446.41,30.52,1.25,20260803161409,-13.52,-35.1,-20.58,67.04,81.46,92.01,0.0,-16.09,-47.46,-47.46,43.6,28.9,-2.877,0.98,6.66,2026-08-03
002432,九安医疗,1,龙头股,64.65,68.46,-5.57,68.56,64.48,257464.0,8.38,13.13,5.96,300.8,301.2,1.44,0.97,20260803161454,-10.7,2.13,-13.39,65.84,67.38,70.32,0.0,-4.05,-28.24,-29.16,51.3,52.6,-1.18,0.96,7.43,2026-08-03
002463,沪电股份,1,龙头股,101.61,103.75,-2.06,104.06,99.81,426930.0,2.18,45.45,4.1,1953.77,1955.35,12.35,0.63,20260803161457,-13.52,-21.13,-6.53,102.58,119.92,126.1,0.0,-15.27,-34.44,-34.44,49.6,27.5,-4.915,0.94,5.95,2026-08-03
002490,山东墨龙,1,龙头股,7.4,7.47,-0.94,7.43,7.12,34345.0,8.72,1146.29,4.15,40.09,60.94,12.1,0.66,20260803161427,1.37,15.62,-27.31,7.48,7.63,7.78,0.0,-2.98,-26.88,-44.11,24.8,35.8,-0.03,0.84,6.64,2026-08-03
002498,汉缆股份,1,同花顺,7.24,6.83,6.0,7.42,6.7,164407.0,6.96,42.19,10.54,240.86,240.86,2.77,0.91,20260803161454,1.97,13.48,-20.26,6.95,6.14,7.43,0.0,17.93,-34.0,-34.0,50.5,66.5,0.462,2.01,5.51,2026-08-03
002580,圣阳股份,1,同花顺,18.74,19.47,-3.75,19.3,18.08,140142.0,16.57,45.69,6.27,84.77,85.06,3.55,0.76,20260803161409,11.08,-2.5,-42.97,18.62,17.17,21.82,0.0,9.17,-46.09,-46.09,29.1,56.3,1.19,2.08,5.02,2026-08-03
002600,领益智造,1,龙头股,12.46,12.4,0.48,12.57,12.2,95955.0,1.07,47.86,2.98,897.11,1011.78,4.17,0.69,20260803161412,0.48,-23.23,-17.32,12.27,12.96,14.89,0.0,-3.84,-30.85,-31.95,37.6,43.7,0.111,0.64,4.09,2026-08-03
002617,露笑科技,1,龙头股,6.17,6.11,0.98,6.17,6.06,42254.0,3.67,63.71,1.8,115.85,117.8,1.83,0.75,20260803161451,4.05,-31.22,-22.97,6.03,6.8,8.39,0.0,-9.21,-41.01,-42.92,8.5,36.6,0.066,0.58,5.09,2026-08-03
002636,金安国纪,1,龙头股,47.32,50.83,-6.91,50.82,46.9,194340.0,5.56,71.88,7.71,342.75,344.49,9.25,0.92,20260803161403,-25.7,-51.11,-1.01,51.83,74.64,74.44,0.0,-36.6,-60.56,-60.56,33.0,11.9,-7.396,0.91,6.71,2026-08-03
002709,天赐材料,1,同花顺,35.94,35.74,0.56,36.37,34.89,161578.0,3.0,25.56,4.14,542.34,732.66,3.97,0.63,20260803161415,-6.14,-26.65,-38.47,36.29,37.98,48.01,0.0,-5.37,-39.66,-43.84,38.3,42.8,0.645,0.79,4.46,2026-08-03
002747,埃斯顿,1,龙头股,30.75,29.74,3.4,31.83,29.5,254374.0,10.5,228.61,7.83,240.59,297.6,9.19,1.07,20260803161409,-2.54,-33.2,27.7,29.97,35.97,33.38,0.0,-14.51,-37.24,-37.24,38.3,35.2,-1.879,0.85,6.18,2026-08-03
002837,英维克,1,龙头股,46.45,47.45,-2.11,48.2,45.82,178567.0,3.37,122.67,5.02,525.1,591.94,17.96,0.87,20260803161424,-24.18,-37.28,-40.86,49.71,61.64,70.37,0.0,-24.64,-46.6,-50.06,32.3,21.1,-3.209,0.9,5.57,2026-08-03
002879,长缆科技,1,同花顺,17.88,16.25,10.03,17.88,15.98,43102.0,18.39,26.03,11.69,24.52,34.53,2.05,0.58,20260803161442,-9.97,27.35,-3.87,17.42,14.9,15.3,0.0,19.96,-9.97,-26.27,46.6,68.7,0.745,2.05,6.43,2026-08-03
300017,网宿科技,1,龙头股,13.82,14.03,-1.5,14.22,13.74,227576.0,6.89,47.35,3.42,327.05,344.9,3.41,1.08,20260803161406,3.68,8.9,-21.61,13.05,13.89,14.8,0.0,-0.51,-29.09,-37.94,33.8,47.5,-0.03,0.83,7.33,2026-08-03
300065,海兰信,1,龙头股,15.85,15.36,3.19,16.04,15.22,60298.0,5.84,1596.51,5.34,104.08,114.36,6.51,0.9,20260803161430,-2.1,-29.93,-40.9,15.29,18.77,20.65,0.0,-15.54,-44.95,-45.89,9.7,26.2,-0.518,0.6,7.84,2026-08-03
300136,信维通信,1,龙头股,56.5,57.48,-1.7,58.88,55.75,301644.0,6.39,74.27,5.45,466.24,546.68,6.85,0.93,20260803161418,-15.24,-39.68,-44.23,58.9,73.86,95.1,0.0,-23.5,-52.62,-52.62,34.3,21.5,-2.238,0.83,6.63,2026-08-03
300139,晓程科技,1,同花顺,39.18,39.51,-0.84,39.49,37.63,107245.0,11.85,57.93,4.71,91.55,107.35,9.22,0.72,20260803161448,-1.43,-3.02,-34.16,38.55,37.35,42.0,0.0,4.89,-32.45,-53.51,31.2,53.0,1.007,1.03,5.79,2026-08-03
300164,通源石油,1,同花顺,11.0,11.93,-7.8,11.5,10.81,153128.0,23.76,282.22,5.78,64.15,64.73,4.7,0.71,20260803161430,4.86,41.39,-16.86,11.3,10.63,10.21,0.0,3.47,-18.46,-55.21,30.1,48.2,0.09,0.91,8.97,2026-08-03
300209,行云科技,1,龙头股,28.03,27.9,0.47,29.22,26.24,264534.0,12.78,-356.35,10.68,208.24,260.3,27.7,0.98,20260803161442,-3.04,12.57,20.61,27.48,26.9,27.11,0.0,4.22,-12.3,-12.3,85.4,45.9,0.127,1.07,8.82,2026-08-03
300285,国瓷材料,1,龙头股,57.8,62.04,-6.83,62.2,57.11,667267.0,13.24,93.43,8.2,493.42,576.29,8.1,0.77,20260803161445,-7.43,-34.39,51.34,59.33,64.5,65.39,0.0,-10.39,-45.24,-45.24,45.4,39.1,-0.939,1.27,8.59,2026-08-03
300308,中际旭创,2,龙头股+同花顺,902.5,902.01,0.05,933.61,875.87,2914395.0,2.9,70.62,6.4,10017.21,10556.86,30.47,0.64,20260803161436,-16.2,-17.87,1.86,905.5,1050.89,1126.08,0.0,-14.12,-34.71,-34.71,60.0,33.3,-40.062,1.31,6.99,2026-08-03
300394,天孚通信,1,龙头股,180.5,171.01,5.55,187.5,168.5,1002933.0,5.15,90.66,11.11,1964.54,1968.94,36.02,1.24,20260803161448,-13.71,-23.84,-22.39,175.05,222.11,270.94,0.0,-18.73,-49.12,-49.12,40.7,25.0,-8.29,1.12,6.94,2026-08-03
300433,蓝思科技,1,同花顺,31.57,31.58,-0.03,32.1,30.98,232023.0,1.48,48.45,3.55,1568.93,1666.5,3.19,0.55,20260803161454,-13.81,-38.47,12.34,32.25,38.03,41.78,0.0,-16.98,-42.93,-42.93,29.1,28.0,-1.401,0.87,5.52,2026-08-03
300502,新易盛,2,龙头股+同花顺,394.08,396.01,-0.49,405.0,379.0,1588473.0,3.23,51.16,6.57,4942.72,5494.49,28.3,0.58,20260803161445,-19.74,-22.26,0.19,397.86,488.82,503.27,0.0,-19.38,-35.45,-35.45,55.6,29.2,-30.123,1.25,7.2,2026-08-03
300503,昊志机电,1,龙头股,64.29,63.46,1.31,67.5,62.65,162155.0,10.32,68.75,7.64,155.08,198.16,12.49,1.43,20260803161406,-4.46,-41.45,-6.0,61.89,74.33,79.27,0.0,-13.5,-42.08,-42.08,47.1,32.3,-2.763,0.83,7.05,2026-08-03
300534,陇神戎发,1,15Min,12.67,13.73,-7.72,14.31,12.55,111204.0,27.97,77.85,12.82,38.27,38.43,5.29,0.9,20260803161454,-5.59,66.71,35.94,13.45,11.27,9.05,0.0,12.41,-11.09,-11.09,78.4,57.5,0.176,1.27,10.55,2026-08-03
300750,宁德时代,1,同花顺,394.4,395.3,-0.23,395.88,389.6,845800.0,0.51,21.47,1.59,16801.76,18247.53,4.81,0.51,20260803161454,-1.4,5.31,-9.75,395.86,377.96,396.36,0.0,4.35,-11.59,-14.26,68.0,63.2,7.453,0.97,3.02,2026-08-03
300759,康龙化成,1,15Min,36.07,36.8,-1.98,37.68,35.97,148720.0,2.87,39.13,4.65,512.21,662.71,4.12,0.67,20260803161457,-6.96,17.88,33.54,36.76,36.39,28.89,0.0,-0.87,-10.5,-10.5,77.5,47.6,-1.161,0.6,4.63,2026-08-03
300795,米奥会展,2,龙头股+15Min,14.2,16.44,-13.63,15.68,14.02,70956.0,27.77,28.52,10.1,24.71,42.44,7.47,1.03,20260803161406,6.93,61.55,27.47,14.42,11.26,10.28,0.0,26.07,-13.63,-13.63,73.4,66.6,0.86,1.77,10.59,2026-08-03
300896,爱美客,1,龙头股,105.95,109.0,-2.8,108.99,105.28,57301.0,2.64,27.99,3.4,216.62,320.6,4.2,0.67,20260803161430,1.43,15.69,-10.21,106.56,98.37,98.54,0.0,7.71,-11.59,-46.76,18.0,68.4,2.181,1.05,4.17,2026-08-03
300990,同飞股份,1,龙头股,60.32,65.13,-7.39,65.5,59.81,48660.0,10.06,41.18,8.74,46.91,103.28,4.89,1.05,20260803161409,-33.47,-42.33,-31.57,69.4,91.67,92.04,0.0,-34.2,-49.9,-49.9,11.7,20.6,-8.635,0.94,8.64,2026-08-03
301165,锐捷网络,1,龙头股,107.02,118.0,-9.31,120.08,103.13,286969.0,2.36,167.39,14.36,1191.81,1191.81,25.28,0.77,20260803161436,-18.08,4.92,51.56,109.48,109.7,82.45,0.0,-2.44,-18.92,-18.92,72.0,53.9,-4.021,0.91,7.95,2026-08-03
301234,五洲医疗,1,同花顺,66.1,65.89,0.32,66.1,60.68,33148.0,13.0,210.93,8.23,26.55,44.95,5.95,0.65,20260803161445,-6.24,76.69,65.54,69.37,47.51,42.27,0.0,39.12,-14.98,-14.98,74.0,75.5,5.629,2.18,9.86,2026-08-03
301308,江波龙,1,龙头股,319.8,346.99,-7.84,342.0,318.18,594407.0,6.49,24.88,6.86,901.36,1352.95,11.23,0.82,20260803161436,-14.47,-53.09,-33.24,333.04,440.41,531.11,0.0,-27.39,-55.77,-55.77,37.2,18.9,-19.916,1.14,6.55,2026-08-03
301377,鼎泰高科,1,龙头股,335.0,350.1,-4.31,351.95,325.82,128684.0,3.88,228.52,7.46,331.18,1420.55,52.41,0.85,20260803161415,-19.16,-31.07,41.12,350.44,417.89,420.92,0.0,-19.83,-49.21,-49.21,47.1,24.9,-22.216,0.91,6.66,2026-08-03
301583,托伦斯,1,同花顺,154.8,149.6,3.48,157.6,144.7,196041.0,41.91,300.08,8.62,47.73,287.11,15.51,0.78,20260803161418,,,,,,,,,,,,,,,,
600118,中国卫星,1,龙头股,59.77,57.44,4.06,60.23,56.8,230313.0,3.3,4163.39,5.97,706.77,706.77,11.2,1.31,20260803161447,0.12,-28.11,-47.65,57.53,67.72,78.52,0.0,-11.75,-48.52,-50.81,34.0,23.8,-1.086,0.64,5.63,2026-08-03
600176,中国巨石,1,同花顺,34.06,37.84,-9.99,37.48,34.06,1073362.0,7.74,35.67,9.04,1352.72,1363.47,4.32,1.09,20260803161438,-17.07,-46.62,-9.92,36.9,45.1,46.72,0.0,-24.48,-54.05,-54.05,35.6,23.8,-2.41,1.25,6.92,2026-08-03
600183,生益科技,2,龙头股+同花顺,102.03,105.64,-3.42,105.88,99.88,543758.0,2.21,63.09,5.68,2460.71,2478.31,15.51,0.75,20260803161444,-19.02,-33.86,25.65,105.86,130.06,136.7,0.0,-21.55,-45.5,-45.5,43.4,28.2,-7.405,0.99,6.67,2026-08-03
600206,有研新材,1,同花顺,33.15,35.39,-6.33,35.77,33.0,283734.0,9.89,98.23,7.83,280.63,280.63,6.58,0.71,20260803161455,-29.54,-34.86,9.39,37.55,45.18,40.57,0.0,-26.63,-50.23,-50.23,30.2,26.7,-3.336,0.94,7.44,2026-08-03
600396,华电辽能,1,同花顺,15.51,14.1,10.0,15.51,13.74,341000.0,15.62,563.29,12.55,228.42,228.42,14.88,0.79,20260803161432,-1.08,22.51,24.68,15.38,13.69,15.84,0.0,13.29,-29.4,-29.4,66.2,63.6,0.558,1.21,6.9,2026-08-03
600410,华胜天成,1,龙头股,14.2,13.74,3.35,14.44,13.66,106408.0,6.87,-73.19,5.68,155.7,155.7,3.62,1.18,20260803161458,4.49,-5.28,-38.48,13.54,14.04,17.33,0.0,1.17,-41.74,-56.54,19.2,43.8,0.4,0.92,4.57,2026-08-03
600487,亨通光电,1,同花顺,47.37,47.61,-0.5,48.5,46.33,727409.0,6.25,36.18,4.56,1162.29,1168.33,3.68,0.86,20260803161449,-14.73,-44.01,-38.48,48.39,61.58,81.23,0.0,-23.08,-61.4,-61.4,29.7,17.8,-1.584,0.88,5.44,2026-08-03
600513,联环药业,1,龙头股,17.03,17.32,-1.67,17.45,16.9,35813.0,7.34,-42.28,3.18,48.61,48.61,3.86,0.72,20260803161451,6.84,7.24,-20.79,16.44,16.21,16.83,0.0,5.07,-19.75,-44.49,17.8,46.6,0.276,1.01,6.41,2026-08-03
600519,贵州茅台,2,龙头股+同花顺,1358.98,1350.6,0.62,1363.35,1346.0,489867.0,0.29,20.54,1.28,16988.36,16988.36,7.3,0.66,20260803161449,5.39,12.6,1.04,1342.47,1274.8,1255.85,1.0,6.6,-0.2,-11.0,53.1,77.2,20.072,1.08,1.87,2026-08-03
600522,中天科技,1,同花顺,28.39,28.52,-0.46,28.84,28.01,466208.0,4.81,30.34,2.91,968.94,968.94,2.61,0.78,20260803161450,-13.07,-40.57,-30.14,28.78,35.99,44.61,0.0,-21.12,-58.15,-58.15,27.3,20.6,-1.134,0.86,5.18,2026-08-03
600539,狮头股份,1,同花顺,13.37,14.34,-6.76,14.11,13.36,25479.0,8.13,-140.4,5.23,30.75,30.75,10.23,0.52,20260803161453,-24.8,-15.54,-34.46,14.57,16.08,15.81,0.0,-16.86,-30.47,-35.07,32.7,44.2,-0.742,1.39,6.54,2026-08-03
600584,长电科技,2,龙头股+同花顺,61.0,65.71,-7.17,65.42,60.84,845942.0,7.55,66.07,6.97,1091.54,1091.54,3.82,0.88,20260803161446,-25.93,-35.85,20.43,67.95,84.79,80.94,0.0,-28.06,-42.8,-42.8,37.3,20.4,-6.77,0.74,6.58,2026-08-03
600602,云赛智联,1,15Min,17.65,17.62,0.17,18.15,17.51,94796.0,4.95,123.06,3.63,189.61,241.39,4.96,1.27,20260803161438,-0.21,14.48,-23.05,17.1,17.51,18.39,0.0,0.78,-25.83,-29.42,27.6,55.8,-0.082,0.72,5.47,2026-08-03
600617,国新能源,1,同花顺,3.35,3.23,3.72,3.37,3.2,24245.0,4.13,-23.47,5.26,59.48,64.63,2.02,0.47,20260803161447,-10.19,19.64,-5.63,3.38,3.05,3.18,0.0,9.94,-12.53,-27.8,35.8,64.7,0.093,2.52,4.31,2026-08-03
600664,哈药股份,3,龙头股+15Min+同花顺,5.99,5.89,1.7,6.15,5.71,235616.0,15.83,48.7,7.47,150.86,150.86,2.57,0.88,20260803161449,6.21,88.36,59.31,5.71,4.89,3.82,1.0,22.43,-0.17,-0.17,99.7,74.4,0.08,1.07,5.97,2026-08-03
600667,太极实业,2,龙头股+同花顺,16.28,17.23,-5.51,17.21,16.11,607628.0,17.54,74.14,6.38,340.5,340.5,3.96,1.03,20260803161444,-9.15,-40.61,52.94,16.99,19.37,18.43,0.0,-15.96,-49.28,-49.28,38.1,31.1,-0.778,1.23,7.43,2026-08-03
600698,湖南天雁,1,同花顺,6.58,6.54,0.61,6.66,6.5,15459.0,2.84,-231.71,2.45,54.64,70.32,9.52,0.41,20260803161457,-7.06,9.48,-13.53,6.52,6.07,6.51,0.0,8.38,-17.65,-53.95,11.5,67.6,0.201,1.65,4.28,2026-08-03
600722,金牛化工,1,同花顺,10.81,10.74,0.65,10.82,10.0,90295.0,12.62,154.62,7.64,73.54,73.54,5.83,1.33,20260803161447,5.05,32.64,-22.29,10.38,9.23,9.89,0.0,17.15,-23.28,-43.99,37.2,65.0,0.492,1.08,6.53,2026-08-03
600726,华电能源,1,同花顺,5.81,5.61,3.57,5.95,5.49,119842.0,2.78,141.49,8.2,434.32,459.42,9.23,0.88,20260803161500,-7.04,-8.36,-22.64,5.76,5.97,7.3,0.0,-2.66,-44.08,-44.08,42.7,49.4,0.041,1.07,5.71,2026-08-03
600744,华银电力,1,同花顺,7.33,6.93,5.77,7.34,6.94,142178.0,9.72,103.15,5.77,148.88,148.88,11.55,0.72,20260803161432,-3.68,24.03,-16.42,7.06,6.49,7.3,0.0,12.96,-20.33,-21.94,49.1,69.4,0.202,1.31,5.58,2026-08-03
600759,ST洲际,1,同花顺,2.35,2.37,-0.84,2.38,2.31,25136.0,2.59,45.88,2.95,97.38,97.5,1.07,0.62,20260803161500,0.86,0.86,-41.4,2.37,2.51,2.57,0.0,-6.34,-38.32,-72.99,7.6,27.9,-0.023,0.54,5.7,2026-08-03
600879,航天电子,1,龙头股,15.06,14.58,3.29,15.14,14.5,121903.0,2.47,217.42,4.39,496.87,496.87,2.39,1.05,20260803161445,-0.13,-29.92,-43.45,14.6,17.0,19.91,0.0,-11.4,-43.72,-52.25,24.2,26.7,-0.172,0.57,5.43,2026-08-03
600938,中国海油,1,同花顺,31.85,32.26,-1.27,32.58,31.75,159953.0,1.67,12.14,2.57,952.32,15138.29,1.86,0.79,20260803161436,0.95,14.61,-11.21,31.89,30.47,31.85,0.0,4.53,-14.15,-25.81,40.4,61.0,0.586,0.73,3.04,2026-08-03
600988,赤峰黄金,1,同花顺,38.86,39.56,-1.77,39.34,36.89,204750.0,3.21,20.59,6.19,646.6,738.5,5.4,0.77,20260803161453,1.89,22.97,-11.84,38.15,35.16,33.39,1.0,10.54,-6.86,-18.5,64.9,58.9,0.826,0.84,4.95,2026-08-03
601179,中国西电,1,同花顺,13.91,13.34,4.27,14.16,13.56,316623.0,4.44,53.96,4.5,713.01,713.01,3.09,1.12,20260803161438,-1.28,-0.78,-18.83,13.5,12.98,14.91,0.0,7.12,-27.35,-30.85,55.2,63.0,0.429,1.14,4.02,2026-08-03
601318,中国平安,1,龙头股,55.55,54.9,1.18,55.58,54.7,416669.0,0.71,7.58,1.6,5921.67,10058.8,1.02,0.88,20260803161439,4.01,10.88,-4.73,54.95,52.29,52.05,1.0,6.23,-4.8,-23.45,32.8,77.6,0.837,0.95,1.62,2026-08-03
601606,长城军工,1,同花顺,32.81,33.94,-3.33,34.33,32.28,148966.0,6.26,3430.91,6.04,237.62,237.62,10.9,0.6,20260803161458,-6.95,15.22,-16.01,33.86,29.13,31.76,0.0,12.62,-19.73,-54.69,16.1,68.9,1.802,2.18,5.18,2026-08-03
601678,滨化股份,1,同花顺,6.15,6.29,-2.23,6.32,6.05,94025.0,7.45,53.73,4.29,125.67,148.15,1.28,0.52,20260803161453,-12.89,-1.44,22.51,6.36,5.86,5.9,0.0,4.92,-20.13,-20.13,57.9,63.3,0.102,1.15,5.11,2026-08-03
601698,中国卫通,1,龙头股,25.88,25.22,2.62,26.0,25.09,63885.0,0.59,274.94,3.61,1093.27,1093.27,6.9,1.24,20260803161441,2.17,-13.68,-34.92,25.16,26.89,30.33,0.0,-3.77,-34.94,-51.94,18.1,34.4,0.111,0.54,4.29,2026-08-03
601857,中国石油,1,同花顺,11.05,11.08,-0.27,11.11,10.9,136623.0,0.08,12.79,1.9,17892.39,20223.82,1.28,0.65,20260803161437,1.38,21.56,1.66,11.08,10.39,10.2,0.0,6.34,-2.9,-14.93,62.5,67.6,0.157,0.79,2.46,2026-08-03
601899,紫金矿业,2,15Min+同花顺,32.55,32.95,-1.21,32.94,31.69,709571.0,1.07,14.03,3.79,6705.88,8655.28,4.57,0.91,20260803161442,2.46,15.1,-5.43,32.41,30.17,29.69,1.0,7.9,-5.05,-24.43,57.1,67.8,0.647,0.83,2.81,2026-08-03
601991,大唐发电,1,同花顺,6.18,5.91,4.57,6.2,5.89,276776.0,3.66,14.22,5.25,766.08,1143.71,3.11,0.98,20260803161442,-0.64,-16.37,11.55,6.0,6.29,7.31,0.0,-1.72,-32.68,-32.68,49.9,54.3,0.006,0.74,5.08,2026-08-03
603019,中科曙光,1,龙头股,83.69,83.46,0.28,85.99,83.08,335857.0,2.73,55.22,3.49,1224.43,1224.48,5.57,0.64,20260803161435,-13.49,-11.5,-12.75,85.38,95.18,92.63,0.0,-12.07,-22.15,-33.07,28.0,33.1,-4.082,0.65,4.75,2026-08-03
603065,宿迁联盛,1,龙头股,13.79,12.76,8.07,14.04,12.83,74072.0,12.92,-378.53,9.48,57.78,57.78,3.02,1.34,20260803161439,-11.32,-25.1,69.83,14.01,17.1,13.77,0.0,-19.37,-41.42,-41.42,40.0,21.0,-1.294,0.97,8.29,2026-08-03
603118,共进股份,2,龙头股+同花顺,13.18,14.51,-9.17,14.61,13.1,186224.0,17.26,129.81,10.41,103.76,103.76,2.05,0.85,20260803161453,-18.64,-1.79,-16.05,15.32,14.81,13.86,0.0,-10.99,-25.41,-25.41,34.4,46.2,-0.35,1.21,7.12,2026-08-03
603127,昭衍新药,2,龙头股+15Min,41.05,41.54,-1.18,43.28,40.42,143548.0,5.53,62.13,6.88,257.68,307.61,3.63,0.57,20260803161432,-17.4,-0.46,6.65,42.43,45.01,39.42,0.0,-8.8,-22.91,-22.91,54.6,43.2,-2.283,0.88,6.36,2026-08-03
603137,恒尚节能,1,龙头股,25.51,25.0,2.04,26.5,23.71,83658.0,18.13,-100.63,11.16,46.67,46.67,3.9,0.99,20260803161446,-9.92,34.69,92.53,25.21,26.74,17.89,0.0,-4.58,-28.36,-28.36,58.0,38.2,-1.442,1.17,8.4,2026-08-03
603221,爱丽家居,1,同花顺,22.54,22.54,0.0,0.0,0.0,0.0,0.0,-275.5,0.0,54.61,54.61,3.5,0.0,20260803161453,61.0,110.46,80.9,18.8,13.39,12.39,1.0,68.32,0.0,0.0,100.0,85.5,2.392,1.29,6.61,2026-07-31
603259,药明康德,1,15Min,128.5,128.43,0.05,132.38,126.15,801894.0,2.52,17.69,4.85,3178.17,3834.13,4.6,1.27,20260803161456,3.08,4.5,22.12,126.39,124.39,111.81,1.0,3.3,-2.28,-2.28,93.9,51.2,-0.825,0.84,3.37,2026-08-03
603296,华勤技术,1,龙头股,73.9,81.28,-9.08,81.8,73.7,273163.0,4.51,26.22,9.97,590.16,1120.47,4.4,1.04,20260803161443,-14.99,3.81,-11.88,80.36,80.32,77.67,0.0,-8.0,-16.85,-16.85,54.7,45.7,-1.266,0.86,5.35,2026-08-03
603619,中曼石油,1,同花顺,21.18,21.74,-2.58,21.43,20.56,78546.0,8.09,31.44,4.0,97.92,97.92,2.28,0.67,20260803161459,3.67,11.53,-27.02,21.55,20.24,23.06,0.0,4.62,-29.66,-54.85,11.8,51.7,0.741,1.16,5.91,2026-08-03
603629,利通电子,1,同花顺,93.1,96.01,-3.03,104.62,92.18,472744.0,13.34,63.89,12.96,335.83,341.42,15.89,1.45,20260803161438,-19.09,-24.56,-22.17,95.38,106.81,122.84,0.0,-12.84,-45.85,-45.85,49.5,41.0,-2.953,0.97,7.91,2026-08-03
603690,至纯科技,1,同花顺,21.2,21.7,-2.3,21.87,20.77,88281.0,10.88,-9.76,5.07,81.19,81.19,2.34,0.61,20260803161449,-14.79,-36.11,-16.96,23.19,26.09,28.34,0.0,-18.75,-42.23,-47.56,3.2,29.2,-0.703,1.53,5.95,2026-08-03
603698,航天工程,1,龙头股,21.83,21.46,1.72,22.1,21.36,39434.0,3.38,52.33,3.45,117.01,117.01,3.36,0.85,20260803161450,-1.49,-44.55,-51.57,21.3,28.48,33.77,0.0,-23.35,-50.76,-54.83,16.2,14.6,-1.03,0.75,6.16,2026-08-03
603823,百合花,2,15Min+同花顺,51.48,46.8,10.0,51.48,42.56,154255.0,7.68,130.63,19.06,214.35,214.35,8.75,2.55,20260803161433,-24.65,-21.83,197.23,52.98,66.95,46.89,0.0,-23.11,-37.17,-37.17,56.1,37.9,-8.236,0.67,7.06,2026-08-03
603881,数据港,1,龙头股,25.4,24.28,4.61,25.89,24.48,116918.0,5.39,157.01,5.81,218.96,218.96,6.55,1.49,20260803161445,3.76,10.58,-24.12,24.15,24.62,27.7,0.0,3.17,-29.73,-29.93,27.3,54.5,0.246,0.76,5.14,2026-08-03
603893,瑞芯微,1,龙头股,184.04,188.0,-2.11,197.91,182.0,405719.0,5.08,67.12,8.46,774.7,778.39,16.1,0.86,20260803161450,-15.58,4.5,3.22,191.47,206.78,188.92,0.0,-11.0,-19.58,-25.19,38.1,38.5,-9.096,0.83,5.67,2026-08-03
603928,兴业股份,2,龙头股+同花顺,10.37,10.61,-2.26,10.72,10.28,23298.0,6.58,29.36,4.15,35.33,35.33,2.23,0.62,20260803161500,-7.08,-34.57,-16.06,11.06,12.84,12.56,0.0,-19.23,-44.84,-44.84,1.5,25.2,-0.508,0.8,7.34,2026-08-03
603986,兆易创新,2,龙头股+同花顺,340.74,378.6,-10.0,370.0,340.74,2303272.0,9.83,83.18,7.73,2277.82,2391.13,9.66,0.86,20260803161440,-21.49,-47.92,2.22,369.02,487.45,523.04,0.0,-30.1,-59.44,-59.44,31.1,17.0,-34.709,1.15,6.47,2026-08-03
603993,洛阳钼业,1,同花顺,19.18,19.52,-1.74,19.52,18.95,306701.0,0.92,16.99,2.92,3348.99,4103.43,4.96,0.83,20260803161440,-0.93,4.75,-3.69,19.15,18.45,18.67,0.0,3.97,-11.41,-28.28,58.2,57.2,0.216,0.75,3.38,2026-08-03
605090,九丰能源,1,龙头股,32.46,31.88,1.82,32.75,31.67,36084.0,1.58,16.27,3.39,228.91,229.14,2.03,0.53,20260803161431,-0.28,-6.18,-24.55,31.72,34.9,37.03,0.0,-6.98,-31.45,-37.72,24.0,29.9,-0.704,0.58,5.37,2026-08-03
605358,立昂微,1,龙头股,35.86,37.1,-3.34,37.4,35.74,146762.0,5.24,-511.06,4.47,276.91,276.91,4.03,0.91,20260803161440,-17.2,-39.57,-28.04,37.64,47.51,57.45,0.0,-24.52,-55.0,-55.0,22.5,16.9,-1.923,0.84,5.73,2026-08-03
688008,澜起科技,1,同花顺,189.94,204.9,-7.3,203.58,189.78,916522.0,4.13,90.64,6.73,2174.37,2318.29,11.5,0.77,20260803161444,-16.35,-29.2,-9.5,200.95,227.13,247.79,0.0,-16.37,-39.8,-39.8,46.3,30.1,-6.783,0.86,8.32,2026-08-03
688012,中微公司,1,龙头股,309.85,344.0,-9.93,342.0,308.12,1131525.0,3.74,108.76,9.85,2919.4,2967.87,10.76,1.14,20260803161459,-22.49,-26.23,24.9,348.67,385.83,349.18,0.0,-19.69,-34.3,-34.3,54.1,32.7,-21.124,1.02,6.76,2026-08-03
688041,海光信息,1,龙头股,261.0,277.0,-5.78,277.9,259.4,643807.0,1.04,222.53,6.68,6066.52,6066.52,26.21,0.89,20260803161452,-16.77,-23.01,-19.23,278.74,318.36,315.84,0.0,-18.02,-29.52,-29.52,53.6,26.6,-15.87,0.87,3.97,2026-08-03
688082,盛美上海,1,龙头股,247.15,271.89,-9.1,271.88,245.91,161018.0,1.32,95.12,9.55,1179.93,1192.74,8.86,0.85,20260803161442,-19.33,-33.63,54.87,268.8,327.61,299.5,0.0,-24.56,-44.75,-44.75,40.1,24.8,-21.393,0.9,6.65,2026-08-03
688256,寒武纪,1,龙头股,1028.0,1106.0,-7.05,1105.0,1015.0,1459993.0,2.22,237.72,8.14,6458.85,6458.85,52.77,0.97,20260803161437,-17.16,-24.95,-13.07,1090.27,1269.51,1319.79,0.0,-19.02,-35.57,-35.57,52.6,28.7,-58.983,1.13,5.85,2026-08-03
688261,东微半导,1,龙头股,64.28,64.92,-0.99,66.2,63.8,24796.0,3.12,179.33,3.7,78.48,78.84,2.68,0.67,20260803161435,-10.05,-24.46,-16.2,65.4,76.17,84.2,0.0,-15.61,-38.7,-38.7,33.3,29.5,-1.923,0.58,8.62,2026-08-03
688262,国芯科技,1,龙头股,23.91,23.85,0.25,24.9,23.41,28811.0,3.58,-29.97,6.25,80.34,80.34,4.17,0.98,20260803161449,-5.19,-39.97,-40.92,23.69,30.99,36.12,0.0,-22.84,-48.7,-48.7,4.8,17.6,-1.139,0.63,7.02,2026-08-03
688347,华虹宏力,1,龙头股,219.5,237.9,-7.73,236.9,213.0,528998.0,5.87,773.05,10.05,895.01,3814.31,8.43,0.78,20260803161455,-28.83,-29.12,38.09,247.72,323.04,265.01,0.0,-32.05,-45.19,-45.19,47.9,29.6,-36.923,1.0,8.73,2026-08-03
688432,有研硅,1,龙头股,26.68,29.18,-8.57,29.04,26.05,154039.0,4.54,159.87,10.25,333.58,333.58,7.51,0.88,20260803161449,-33.28,-30.61,49.85,32.16,41.33,30.12,0.0,-35.45,-52.86,-52.86,33.9,27.3,-5.144,0.99,11.07,2026-08-03
688548,广钢气体,1,龙头股,29.23,31.46,-7.09,31.88,29.0,92213.0,4.46,120.14,9.15,202.04,385.66,6.41,0.76,20260803161437,-26.82,-35.15,5.98,32.32,38.97,35.57,0.0,-25.0,-46.85,-46.85,43.0,24.1,-2.843,0.84,6.21,2026-08-03
688629,华丰科技,1,龙头股,127.16,137.9,-7.79,138.44,125.8,237830.0,3.97,137.87,9.17,586.2,595.43,20.56,0.94,20260803161443,-16.88,-36.82,-6.87,131.48,163.77,153.18,0.0,-22.35,-39.36,-39.36,48.3,32.3,-10.583,0.8,7.86,2026-08-03
688702,盛科通信-U,1,龙头股,322.0,342.29,-5.93,360.0,310.51,334601.0,5.02,-869.83,14.46,653.63,1320.2,59.15,0.83,20260803161442,-15.59,-9.8,4.59,336.14,369.88,325.03,0.0,-12.94,-25.14,-25.14,70.5,43.3,-19.032,0.89,8.99,2026-08-03
688825,长鑫科技,1,同花顺,54.99,53.97,1.89,55.98,50.73,2998899.0,12.39,130.44,9.73,2476.22,36777.8,26.39,0.43,20260803161431,,,,,,,,,,,,,,,,
688981,中芯国际,2,龙头股+同花顺,116.5,123.99,-6.04,123.41,116.0,776631.0,3.27,197.67,5.98,2329.49,9973.34,5.24,0.95,20260803161433,-18.97,-19.09,-3.17,126.22,146.33,139.42,0.0,-20.39,-32.66,-32.66,34.6,24.4,-8.837,0.82,5.7,2026-08-03
920176,维琪科技,1,同花顺,70.8,66.0,7.27,72.6,61.77,23843.2,45.52,45.46,16.41,5.63,41.65,5.29,0.74,20260803153432,,,,,,,,,,,,,,,,
